schemaTuple,visited,timesVisited
querywebhook,True,1
querywebhookevents,False,0
querywebhooksamplepayload,False,0
querywarehouse,True,5
querywarehouses,True,12
querytranslations,True,3
querytranslation,False,0
querystock,False,0
querystocks,False,0
queryshop,True,10
queryshippingzone,False,0
queryshippingzones,True,1
querydigitalcontent,False,0
querydigitalcontents,False,0
queryattributes,True,184
queryattribute,True,4
querycategories,True,36
querycategory,True,122
querycollection,True,17
querycollections,True,14
queryproduct,True,20
queryproducts,True,217
queryproducttype,True,6
queryproducttypes,True,11
queryproductvariant,True,2
queryproductvariants,True,17
queryreportproductsales,True,1
querypayment,True,1
querypayments,True,1
querypage,True,7
querypages,True,10
queryhomepageevents,True,1
queryorder,True,13
queryorders,True,21
querydraftorders,True,1
queryorderstotal,True,1
queryorderbytoken,True,11
querymenu,True,3
querymenus,True,4
querymenuitem,False,0
querymenuitems,False,0
querygiftcard,False,0
querygiftcards,False,0
queryplugin,True,9
queryplugins,True,9
querysale,True,2
querysales,True,9
queryvoucher,False,0
queryvouchers,True,35
queryexportfile,True,3
queryexportfiles,False,0
querytaxtypes,True,1
querycheckout,False,0
querycheckouts,False,0
querycheckoutline,False,0
querycheckoutlines,False,0
queryappsinstallations,True,1
queryapps,True,2
queryapp,True,2
queryaddressvalidationrules,False,0
queryaddress,False,0
querycustomers,True,20
querypermissiongroups,True,2
querypermissiongroup,True,5
queryme,True,4
querystaffusers,True,10
queryuser,True,20
query_entities,False,0
query_service,False,0
webhookname,True,10
webhooktargeturl,True,1
webhookisactive,True,10
webhooksecretkey,True,1
webhookid,True,10
webhookevents,True,1
webhookapp,True,10
nodeid,False,0
webhookeventeventtype,True,1
webhookeventname,False,0
serviceaccountid,False,0
serviceaccountname,False,0
serviceaccountcreated,False,0
serviceaccountisactive,False,0
serviceaccountpermissions,False,0
serviceaccounttokens,False,0
serviceaccountprivatemetadata,False,0
serviceaccountmetadata,False,0
objectwithmetadataprivatemetadata,True,65
objectwithmetadatametadata,True,65
metadataitemkey,True,77
metadataitemvalue,True,77
metastorenamespace,False,0
metastoreclients,False,0
metaclientstorename,False,0
metaclientstoremetadata,False,0
metaitemkey,False,0
metaitemvalue,False,0
permissioncode,True,14
permissionname,True,14
serviceaccounttokenname,False,0
serviceaccounttokenauthtoken,False,0
serviceaccounttokenid,False,0
appid,True,18
appname,True,18
appcreated,True,6
appisactive,True,8
apppermissions,True,2
apptokens,True,6
appprivatemetadata,True,6
appmetadata,True,6
apptype,True,8
appwebhooks,True,6
appaboutapp,True,2
appdataprivacy,True,2
appdataprivacyurl,True,2
apphomepageurl,True,6
appsupporturl,True,6
appconfigurationurl,True,6
appappurl,True,6
appversion,True,6
appaccesstoken,True,6
apptokenname,True,6
apptokenauthtoken,True,6
apptokenid,True,6
webhookcountableconnectionpageinfo,False,0
webhookcountableconnectionedges,False,0
webhookcountableconnectiontotalcount,False,0
pageinfohasnextpage,True,426
pageinfohaspreviouspage,True,376
pageinfostartcursor,True,376
pageinfoendcursor,True,426
webhookcountableedgenode,False,0
webhookcountableedgecursor,False,0
warehouseid,True,93
warehousename,True,67
warehouseslug,False,0
warehousecompanyname,False,0
warehouseshippingzones,True,27
warehouseaddress,True,16
warehouseemail,False,0
shippingzonecountableconnectionpageinfo,True,1
shippingzonecountableconnectionedges,True,28
shippingzonecountableconnectiontotalcount,False,0
shippingzonecountableedgenode,True,28
shippingzonecountableedgecursor,False,0
shippingzoneid,True,33
shippingzonename,True,33
shippingzonedefault,True,5
shippingzonepricerange,False,0
shippingzonecountries,True,6
shippingzoneshippingmethods,True,5
shippingzonewarehouses,True,5
moneyrangestart,True,1
moneyrangestop,True,1
moneycurrency,True,1239
moneyamount,True,1239
countrydisplaycode,True,253
countrydisplaycountry,True,253
countrydisplayvat,True,1
vatcountrycode,False,0
vatstandardrate,True,1
vatreducedrates,True,1
reducedraterate,True,1
reducedrateratetype,True,1
shippingmethodid,True,143
shippingmethodname,True,112
shippingmethodprice,True,112
shippingmethodminimumorderprice,True,5
shippingmethodmaximumorderprice,True,5
shippingmethodminimumorderweight,True,5
shippingmethodmaximumorderweight,True,5
shippingmethodtype,True,5
shippingmethodtranslation,False,0
weightunit,True,14
weightvalue,True,14
shippingmethodtranslationid,False,0
shippingmethodtranslationname,False,0
shippingmethodtranslationlanguage,False,0
languagedisplaycode,True,22
languagedisplaylanguage,True,74
addressid,True,223
addressfirstname,True,201
addresslastname,True,201
addresscompanyname,True,201
addressstreetaddress1,True,201
addressstreetaddress2,True,201
addresscity,True,201
addresscityarea,True,94
addresspostalcode,True,201
addresscountry,True,201
addresscountryarea,True,201
addressphone,True,201
addressisdefaultshippingaddress,True,107
addressisdefaultbillingaddress,True,107
warehousecountableconnectionpageinfo,True,12
warehousecountableconnectionedges,True,12
warehousecountableconnectiontotalcount,False,0
warehousecountableedgenode,True,12
warehousecountableedgecursor,False,0
translatableitemconnectionpageinfo,False,0
translatableitemconnectionedges,True,3
translatableitemconnectiontotalcount,False,0
translatableitemedgenode,True,3
translatableitemedgecursor,True,1
producttranslatablecontentid,False,0
producttranslatablecontentseotitle,False,0
producttranslatablecontentseodescription,False,0
producttranslatablecontentname,False,0
producttranslatablecontentdescription,False,0
producttranslatablecontentdescriptionjson,False,0
producttranslatablecontenttranslation,False,0
producttranslatablecontentproduct,False,0
producttranslationid,True,5
producttranslationseotitle,True,5
producttranslationseodescription,True,5
producttranslationname,True,5
producttranslationdescription,False,0
producttranslationdescriptionjson,True,5
producttranslationlanguage,True,5
productid,True,408
productseotitle,True,25
productseodescription,True,25
productname,True,379
productdescription,False,0
productdescriptionjson,True,25
productpublicationdate,True,1
productproducttype,True,138
productslug,True,1
productcategory,True,217
productupdatedat,False,0
productchargetaxes,True,1
productweight,True,1
productavailableforpurchase,True,20
productvisibleinlistings,True,1
productdefaultvariant,True,5
productprivatemetadata,False,0
productmetadata,False,0
productthumbnail,True,685
productpricing,True,213
productisavailable,True,36
productminimalvariantprice,False,0
producttaxtype,True,1
productattributes,True,28
productpurchasecost,True,1
productmargin,True,1
productimagebyid,False,0
productvariants,True,32
productimages,True,22
productcollections,True,1
producttranslation,True,5
productisavailableforpurchase,True,51
productispublished,True,48
producttypeid,True,156
producttypename,True,40
producttypeslug,False,0
producttypehasvariants,True,14
producttypeisshippingrequired,True,116
producttypeisdigital,False,0
producttypeweight,True,1
producttypeprivatemetadata,False,0
producttypemetadata,False,0
producttypeproducts,False,0
producttypetaxrate,False,0
producttypetaxtype,True,6
producttypevariantattributes,True,10
producttypeproductattributes,True,10
producttypeavailableattributes,True,3
productcountableconnectionpageinfo,True,231
productcountableconnectionedges,True,257
productcountableconnectiontotalcount,True,215
productcountableedgenode,True,257
productcountableedgecursor,True,8
taxtypedescription,True,7
taxtypetaxcode,True,7
attributeid,True,364
attributeproducttypes,False,0
attributeproductvarianttypes,False,0
attributeprivatemetadata,False,0
attributemetadata,False,0
attributeinputtype,True,7
attributename,True,356
attributeslug,True,195
attributevalues,True,181
attributevaluerequired,True,9
attributevisibleinstorefront,True,12
attributefilterableinstorefront,True,12
attributefilterableindashboard,True,12
attributeavailableingrid,True,5
attributetranslation,True,8
attributestorefrontsearchposition,True,5
producttypecountableconnectionpageinfo,True,9
producttypecountableconnectionedges,True,11
producttypecountableconnectiontotalcount,False,0
producttypecountableedgenode,True,11
producttypecountableedgecursor,False,0
attributevalueid,True,356
attributevaluename,True,487
attributevalueslug,True,176
attributevaluetranslation,True,8
attributevalueinputtype,False,0
attributevaluetranslationid,True,8
attributevaluetranslationname,True,8
attributevaluetranslationlanguage,False,0
attributetranslationid,True,8
attributetranslationname,True,8
attributetranslationlanguage,False,0
attributecountableconnectionpageinfo,True,20
attributecountableconnectionedges,True,187
attributecountableconnectiontotalcount,True,10
attributecountableedgenode,True,187
attributecountableedgecursor,False,0
categoryseotitle,True,148
categoryseodescription,True,148
categoryid,True,522
categoryname,True,514
categorydescription,False,0
categorydescriptionjson,True,48
categoryslug,True,8
categoryparent,True,8
categorylevel,False,0
categoryprivatemetadata,False,0
categorymetadata,False,0
categoryancestors,True,100
categoryproducts,True,43
categorychildren,True,17
categorybackgroundimage,True,108
categorytranslation,True,40
categorycountableconnectionpageinfo,True,42
categorycountableconnectionedges,True,151
categorycountableconnectiontotalcount,True,16
categorycountableedgenode,True,151
categorycountableedgecursor,False,0
imageurl,True,880
imagealt,True,338
categorytranslationseotitle,True,40
categorytranslationseodescription,True,40
categorytranslationid,True,40
categorytranslationname,True,40
categorytranslationdescription,False,0
categorytranslationdescriptionjson,True,40
categorytranslationlanguage,True,40
productvariantid,True,199
productvariantname,True,162
productvariantsku,True,159
productvariantproduct,True,149
productvarianttrackinventory,True,16
productvariantweight,True,2
productvariantprivatemetadata,False,0
productvariantmetadata,False,0
productvariantprice,True,3
productvariantpricing,True,141
productvariantattributes,True,147
productvariantcostprice,True,2
productvariantmargin,True,1
productvariantquantityordered,True,1
productvariantrevenue,True,1
productvariantimages,True,23
productvarianttranslation,False,0
productvariantdigitalcontent,False,0
productvariantstocks,True,16
productvariantquantityavailable,True,162
variantpricinginfoonsale,True,131
variantpricinginfodiscount,False,0
variantpricinginfodiscountlocalcurrency,False,0
variantpricinginfoprice,True,131
variantpricinginfopriceundiscounted,True,141
variantpricinginfopricelocalcurrency,False,0
taxedmoneycurrency,True,40
taxedmoneygross,True,519
taxedmoneynet,True,369
taxedmoneytax,True,31
selectedattributeattribute,True,161
selectedattributevalues,True,175
productimageid,True,45
productimagesortorder,True,3
productimagealt,True,41
productimageurl,True,45
productvarianttranslationid,False,0
productvarianttranslationname,False,0
productvarianttranslationlanguage,False,0
digitalcontentusedefaultsettings,False,0
digitalcontentautomaticfulfillment,False,0
digitalcontentproductvariant,False,0
digitalcontentcontentfile,False,0
digitalcontentmaxdownloads,False,0
digitalcontenturlvaliddays,False,0
digitalcontenturls,False,0
digitalcontentid,False,0
digitalcontentprivatemetadata,False,0
digitalcontentmetadata,False,0
digitalcontenturlcontent,False,0
digitalcontenturlcreated,False,0
digitalcontenturldownloadnum,False,0
digitalcontenturlid,False,0
digitalcontenturlurl,False,0
digitalcontenturltoken,False,0
stockwarehouse,True,16
stockproductvariant,False,0
stockquantity,True,16
stockid,True,16
stockquantityallocated,True,16
productpricinginfoonsale,True,195
productpricinginfodiscount,False,0
productpricinginfodiscountlocalcurrency,False,0
productpricinginfopricerange,True,195
productpricinginfopricerangeundiscounted,True,213
productpricinginfopricerangelocalcurrency,False,0
taxedmoneyrangestart,True,408
taxedmoneyrangestop,True,408
marginstart,True,1
marginstop,True,1
collectionseotitle,True,18
collectionseodescription,True,18
collectionid,True,55
collectionname,True,48
collectiondescription,False,0
collectiondescriptionjson,True,12
collectionpublicationdate,True,7
collectionslug,True,6
collectionprivatemetadata,False,0
collectionmetadata,False,0
collectionproducts,True,15
collectionbackgroundimage,True,6
collectiontranslation,True,12
collectionispublished,True,8
collectiontranslationseotitle,True,12
collectiontranslationseodescription,True,12
collectiontranslationid,True,12
collectiontranslationname,True,12
collectiontranslationdescription,False,0
collectiontranslationdescriptionjson,True,12
collectiontranslationlanguage,True,12
collectiontranslatablecontentseotitle,False,0
collectiontranslatablecontentseodescription,False,0
collectiontranslatablecontentid,False,0
collectiontranslatablecontentname,False,0
collectiontranslatablecontentdescription,False,0
collectiontranslatablecontentdescriptionjson,False,0
collectiontranslatablecontenttranslation,False,0
collectiontranslatablecontentcollection,False,0
categorytranslatablecontentseotitle,False,0
categorytranslatablecontentseodescription,False,0
categorytranslatablecontentid,False,0
categorytranslatablecontentname,False,0
categorytranslatablecontentdescription,False,0
categorytranslatablecontentdescriptionjson,False,0
categorytranslatablecontenttranslation,False,0
categorytranslatablecontentcategory,False,0
attributetranslatablecontentid,False,0
attributetranslatablecontentname,False,0
attributetranslatablecontenttranslation,False,0
attributetranslatablecontentattribute,False,0
attributevaluetranslatablecontentid,False,0
attributevaluetranslatablecontentname,False,0
attributevaluetranslatablecontenttranslation,False,0
attributevaluetranslatablecontentattributevalue,False,0
productvarianttranslatablecontentid,False,0
productvarianttranslatablecontentname,False,0
productvarianttranslatablecontenttranslation,False,0
productvarianttranslatablecontentproductvariant,False,0
pagetranslatablecontentseotitle,True,1
pagetranslatablecontentseodescription,True,1
pagetranslatablecontentid,True,1
pagetranslatablecontenttitle,True,1
pagetranslatablecontentcontent,False,0
pagetranslatablecontentcontentjson,True,1
pagetranslatablecontenttranslation,True,1
pagetranslatablecontentpage,False,0
pagetranslationseotitle,True,6
pagetranslationseodescription,True,6
pagetranslationid,True,6
pagetranslationtitle,True,6
pagetranslationcontent,False,0
pagetranslationcontentjson,True,6
pagetranslationlanguage,True,6
pageseotitle,True,11
pageseodescription,True,11
pageid,True,28
pagetitle,True,28
pagecontent,False,0
pagecontentjson,True,11
pagepublicationdate,True,3
pageslug,True,13
pagecreated,False,0
pageprivatemetadata,False,0
pagemetadata,False,0
pagetranslation,True,5
pageispublished,True,9
shippingmethodtranslatablecontentid,False,0
shippingmethodtranslatablecontentname,False,0
shippingmethodtranslatablecontenttranslation,False,0
shippingmethodtranslatablecontentshippingmethod,False,0
saletranslatablecontentid,False,0
saletranslatablecontentname,False,0
saletranslatablecontenttranslation,False,0
saletranslatablecontentsale,False,0
saletranslationid,True,6
saletranslationname,True,6
saletranslationlanguage,True,6
saleid,True,24
salename,True,24
saletype,True,18
salevalue,True,18
salestartdate,True,18
saleenddate,True,18
salecategories,True,5
salecollections,True,5
saleproducts,True,5
saletranslation,True,6
collectioncountableconnectionpageinfo,True,12
collectioncountableconnectionedges,True,21
collectioncountableconnectiontotalcount,True,7
collectioncountableedgenode,True,21
collectioncountableedgecursor,False,0
vouchertranslatablecontentid,False,0
vouchertranslatablecontentname,False,0
vouchertranslatablecontenttranslation,False,0
vouchertranslatablecontentvoucher,False,0
vouchertranslationid,True,4
vouchertranslationname,True,4
vouchertranslationlanguage,True,4
voucherid,True,37
vouchername,True,4
vouchertype,True,2
vouchercode,True,35
voucherusagelimit,True,35
voucherused,True,2
voucherstartdate,True,33
voucherenddate,True,33
voucherapplyonceperorder,True,2
voucherapplyoncepercustomer,True,2
voucherdiscountvaluetype,True,33
voucherdiscountvalue,True,33
voucherminspent,True,33
vouchermincheckoutitemsquantity,True,33
vouchercategories,True,2
vouchercollections,True,2
voucherproducts,True,2
vouchercountries,True,33
vouchertranslation,True,4
menuitemtranslatablecontentid,False,0
menuitemtranslatablecontentname,False,0
menuitemtranslatablecontenttranslation,False,0
menuitemtranslatablecontentmenuitem,False,0
menuitemtranslationid,False,0
menuitemtranslationname,False,0
menuitemtranslationlanguage,False,0
menuitemid,True,17
menuitemname,True,12
menuitemmenu,False,0
menuitemparent,True,1
menuitemcategory,True,12
menuitemcollection,True,12
menuitempage,True,12
menuitemlevel,True,11
menuitemchildren,True,54
menuitemurl,True,12
menuitemtranslation,False,0
menuid,True,7
menuname,True,7
menuslug,False,0
menuitems,True,7
stockcountableconnectionpageinfo,False,0
stockcountableconnectionedges,False,0
stockcountableconnectiontotalcount,False,0
stockcountableedgenode,False,0
stockcountableedgecursor,False,0
shopavailablepaymentgateways,False,0
shopgeolocalization,False,0
shopauthorizationkeys,True,5
shopcountries,True,8
shopdefaultcountry,True,1
shopdefaultmailsendername,True,5
shopdefaultmailsenderaddress,True,5
shopdescription,True,5
shopdomain,True,6
shoplanguages,True,1
shopname,True,6
shoppermissions,True,1
shopphoneprefixes,False,0
shopheadertext,False,0
shopincludetaxesinprices,True,4
shopdisplaygrossprices,True,4
shopchargetaxesonshipping,True,3
shoptrackinventorybydefault,True,1
shopdefaultweightunit,True,2
shoptranslation,False,0
shopautomaticfulfillmentdigitalproducts,False,0
shopdefaultdigitalmaxdownloads,False,0
shopdefaultdigitalurlvaliddays,False,0
shopcompanyaddress,True,5
shopcustomersetpasswordurl,True,5
shopstaffnotificationrecipients,False,0
paymentgatewayname,True,76
paymentgatewayid,True,76
paymentgatewayconfig,True,76
paymentgatewaycurrencies,True,76
gatewayconfiglinefield,True,76
gatewayconfiglinevalue,True,76
geolocalizationcountry,False,0
authorizationkeyname,True,5
authorizationkeykey,True,5
domainhost,True,6
domainsslenabled,False,0
domainurl,True,1
navigationmain,False,0
navigationsecondary,False,0
shoptranslationid,False,0
shoptranslationheadertext,False,0
shoptranslationdescription,False,0
shoptranslationlanguage,False,0
staffnotificationrecipientuser,False,0
staffnotificationrecipientactive,False,0
staffnotificationrecipientid,False,0
staffnotificationrecipientemail,False,0
userid,True,175
userlastlogin,True,12
useremail,True,160
userfirstname,True,101
userlastname,True,101
userisstaff,True,11
userisactive,True,37
usernote,True,12
userdatejoined,True,12
userdefaultshippingaddress,True,34
userdefaultbillingaddress,True,34
userprivatemetadata,False,0
usermetadata,False,0
useraddresses,True,22
usercheckout,True,2
usergiftcards,False,0
userorders,True,31
useruserpermissions,True,19
userpermissiongroups,True,4
usereditablegroups,True,5
useravatar,True,35
userevents,False,0
userstoredpaymentsources,False,0
checkoutcreated,False,0
checkoutlastchange,False,0
checkoutuser,False,0
checkoutquantity,False,0
checkoutbillingaddress,True,76
checkoutshippingaddress,True,76
checkoutshippingmethod,True,76
checkoutnote,False,0
checkoutdiscount,True,76
checkoutdiscountname,True,76
checkouttranslateddiscountname,True,76
checkoutvouchercode,True,76
checkoutgiftcards,False,0
checkoutid,True,76
checkoutprivatemetadata,False,0
checkoutmetadata,False,0
checkoutavailableshippingmethods,True,76
checkoutavailablepaymentgateways,True,76
checkoutemail,True,76
checkoutisshippingrequired,True,76
checkoutlines,True,76
checkoutshippingprice,True,76
checkoutsubtotalprice,True,76
checkouttoken,True,76
checkouttotalprice,True,76
giftcardcode,False,0
giftcarduser,False,0
giftcardcreated,False,0
giftcardstartdate,False,0
giftcardenddate,False,0
giftcardlastusedon,False,0
giftcardisactive,False,0
giftcardinitialbalance,False,0
giftcardcurrentbalance,False,0
giftcardid,False,0
giftcarddisplaycode,False,0
checkoutlineid,True,76
checkoutlinevariant,True,76
checkoutlinequantity,True,76
checkoutlinetotalprice,True,76
checkoutlinerequiresshipping,False,0
giftcardcountableconnectionpageinfo,False,0
giftcardcountableconnectionedges,False,0
giftcardcountableconnectiontotalcount,False,0
giftcardcountableedgenode,False,0
giftcardcountableedgecursor,False,0
ordercountableconnectionpageinfo,True,20
ordercountableconnectionedges,True,40
ordercountableconnectiontotalcount,True,13
ordercountableedgenode,True,40
ordercountableedgecursor,False,0
orderid,True,104
ordercreated,True,71
orderstatus,True,70
orderuser,True,31
orderlanguagecode,False,0
ordertrackingclientid,False,0
orderbillingaddress,True,50
ordershippingaddress,True,51
ordershippingmethod,True,31
ordershippingmethodname,True,31
ordershippingprice,True,51
ordertoken,True,21
ordervoucher,False,0
ordergiftcards,False,0
orderdiscount,True,31
orderdiscountname,False,0
ordertranslateddiscountname,False,0
orderdisplaygrossprices,False,0
ordercustomernote,True,31
orderweight,False,0
orderprivatemetadata,False,0
ordermetadata,False,0
orderfulfillments,True,31
orderlines,True,65
orderactions,True,31
orderavailableshippingmethods,True,31
orderinvoices,True,42
ordernumber,True,94
orderispaid,False,0
orderpaymentstatus,True,80
orderpaymentstatusdisplay,True,20
orderpayments,False,0
ordertotal,True,81
ordersubtotal,True,51
orderstatusdisplay,True,21
ordercanfinalize,True,31
ordertotalauthorized,True,31
ordertotalcaptured,True,31
orderevents,True,31
ordertotalbalance,False,0
orderuseremail,True,70
orderisshippingrequired,False,0
fulfillmentid,True,31
fulfillmentfulfillmentorder,True,31
fulfillmentstatus,True,31
fulfillmenttrackingnumber,True,31
fulfillmentcreated,False,0
fulfillmentprivatemetadata,False,0
fulfillmentmetadata,False,0
fulfillmentlines,True,31
fulfillmentstatusdisplay,False,0
fulfillmentwarehouse,True,31
fulfillmentlineid,True,31
fulfillmentlinequantity,True,31
fulfillmentlineorderline,True,31
orderlineid,True,45
orderlineproductname,True,64
orderlinevariantname,False,0
orderlineproductsku,True,31
orderlineisshippingrequired,True,44
orderlinequantity,True,64
orderlinequantityfulfilled,True,44
orderlinetaxrate,False,0
orderlinedigitalcontenturl,False,0
orderlinethumbnail,True,46
orderlineunitprice,True,51
orderlinetotalprice,True,20
orderlinevariant,True,65
orderlinetranslatedproductname,False,0
orderlinetranslatedvariantname,False,0
orderlineallocations,True,13
allocationid,False,0
allocationquantity,True,13
allocationwarehouse,True,13
invoiceid,True,54
invoicemetadata,False,0
invoicestatus,True,54
invoicenumber,True,54
invoiceexternalurl,False,0
invoiceprivatemetadata,False,0
invoicecreatedat,True,54
invoiceupdatedat,False,0
invoicemessage,False,0
invoiceurl,True,54
jobstatus,False,0
jobcreatedat,False,0
jobupdatedat,False,0
jobmessage,False,0
paymentid,True,12
paymentgateway,True,11
paymentisactive,False,0
paymentcreated,False,0
paymentmodified,False,0
paymenttoken,True,11
paymentcheckout,False,0
paymentorder,False,0
paymentcustomeripaddress,False,0
paymentchargestatus,False,0
paymentactions,False,0
paymenttotal,True,11
paymentcapturedamount,True,2
paymenttransactions,False,0
paymentavailablecaptureamount,False,0
paymentavailablerefundamount,False,0
paymentcreditcard,True,11
transactionid,False,0
transactioncreated,False,0
transactionpayment,False,0
transactiontoken,False,0
transactionkind,False,0
transactionissuccess,False,0
transactionerror,False,0
transactionamount,False,0
creditcardbrand,True,11
creditcardfirstdigits,True,11
creditcardlastdigits,True,11
creditcardexpmonth,True,11
creditcardexpyear,True,11
ordereventid,True,40
ordereventdate,True,40
ordereventtype,True,40
ordereventuser,True,40
ordereventmessage,True,40
ordereventemail,True,40
ordereventemailtype,True,40
ordereventamount,True,40
ordereventpaymentid,False,0
ordereventpaymentgateway,False,0
ordereventquantity,True,40
ordereventcomposedid,True,1
ordereventordernumber,True,1
ordereventinvoicenumber,True,39
ordereventoversolditems,True,1
ordereventlines,False,0
ordereventfulfilleditems,False,0
ordereventwarehouse,False,0
ordereventorderlineobjectquantity,False,0
ordereventorderlineobjectorderline,False,0
ordereventorderlineobjectitemname,False,0
userpermissioncode,True,19
userpermissionname,True,14
userpermissionsourcepermissiongroups,True,5
groupid,True,27
groupname,True,17
grouppermissions,True,11
groupusers,True,23
groupusercanmanage,True,17
customereventid,False,0
customereventdate,False,0
customereventtype,False,0
customereventuser,False,0
customereventmessage,False,0
customereventcount,False,0
customereventorder,False,0
customereventorderline,False,0
paymentsourcegateway,False,0
paymentsourcecreditcardinfo,False,0
digitalcontentcountableconnectionpageinfo,False,0
digitalcontentcountableconnectionedges,False,0
digitalcontentcountableconnectiontotalcount,False,0
digitalcontentcountableedgenode,False,0
digitalcontentcountableedgecursor,False,0
productvariantcountableconnectionpageinfo,False,0
productvariantcountableconnectionedges,True,18
productvariantcountableconnectiontotalcount,False,0
productvariantcountableedgenode,True,18
productvariantcountableedgecursor,False,0
paymentcountableconnectionpageinfo,False,0
paymentcountableconnectionedges,True,1
paymentcountableconnectiontotalcount,False,0
paymentcountableedgenode,True,1
paymentcountableedgecursor,False,0
pagecountableconnectionpageinfo,True,10
pagecountableconnectionedges,True,10
pagecountableconnectiontotalcount,False,0
pagecountableedgenode,True,10
pagecountableedgecursor,False,0
ordereventcountableconnectionpageinfo,False,0
ordereventcountableconnectionedges,True,1
ordereventcountableconnectiontotalcount,False,0
ordereventcountableedgenode,True,1
ordereventcountableedgecursor,False,0
menucountableconnectionpageinfo,True,4
menucountableconnectionedges,True,4
menucountableconnectiontotalcount,False,0
menucountableedgenode,True,4
menucountableedgecursor,False,0
menuitemcountableconnectionpageinfo,False,0
menuitemcountableconnectionedges,False,0
menuitemcountableconnectiontotalcount,False,0
menuitemcountableedgenode,False,0
menuitemcountableedgecursor,False,0
pluginid,True,20
pluginname,True,20
plugindescription,True,20
pluginactive,True,20
pluginconfiguration,True,11
configurationitemname,True,11
configurationitemvalue,True,11
configurationitemtype,True,11
configurationitemhelptext,True,11
configurationitemlabel,True,11
plugincountableconnectionpageinfo,True,9
plugincountableconnectionedges,True,9
plugincountableconnectiontotalcount,False,0
plugincountableedgenode,True,9
plugincountableedgecursor,False,0
salecountableconnectionpageinfo,True,9
salecountableconnectionedges,True,9
salecountableconnectiontotalcount,False,0
salecountableedgenode,True,9
salecountableedgecursor,False,0
vouchercountableconnectionpageinfo,True,35
vouchercountableconnectionedges,True,35
vouchercountableconnectiontotalcount,False,0
vouchercountableedgenode,True,35
vouchercountableedgecursor,False,0
exportfileid,True,6
exportfileuser,False,0
exportfileapp,False,0
exportfilestatus,True,6
exportfilecreatedat,False,0
exportfileupdatedat,False,0
exportfilemessage,False,0
exportfileurl,True,3
exportfileevents,False,0
exporteventid,False,0
exporteventdate,False,0
exporteventtype,False,0
exporteventuser,False,0
exporteventapp,False,0
exporteventmessage,False,0
exportfilecountableconnectionpageinfo,False,0
exportfilecountableconnectionedges,False,0
exportfilecountableconnectiontotalcount,False,0
exportfilecountableedgenode,False,0
exportfilecountableedgecursor,False,0
checkoutcountableconnectionpageinfo,False,0
checkoutcountableconnectionedges,False,0
checkoutcountableconnectiontotalcount,False,0
checkoutcountableedgenode,False,0
checkoutcountableedgecursor,False,0
checkoutlinecountableconnectionpageinfo,False,0
checkoutlinecountableconnectionedges,False,0
checkoutlinecountableconnectiontotalcount,False,0
checkoutlinecountableedgenode,False,0
checkoutlinecountableedgecursor,False,0
appinstallationappname,True,1
appinstallationmanifesturl,True,1
appinstallationid,True,1
appinstallationstatus,True,1
appinstallationcreatedat,False,0
appinstallationupdatedat,False,0
appinstallationmessage,True,1
appcountableconnectionpageinfo,True,2
appcountableconnectionedges,True,2
appcountableconnectiontotalcount,True,2
appcountableedgenode,True,2
appcountableedgecursor,False,0
addressvalidationdatacountrycode,False,0
addressvalidationdatacountryname,False,0
addressvalidationdataaddressformat,False,0
addressvalidationdataaddresslatinformat,False,0
addressvalidationdataallowedfields,False,0
addressvalidationdatarequiredfields,False,0
addressvalidationdataupperfields,False,0
addressvalidationdatacountryareatype,False,0
addressvalidationdatacountryareachoices,False,0
addressvalidationdatacitytype,False,0
addressvalidationdatacitychoices,False,0
addressvalidationdatacityareatype,False,0
addressvalidationdatacityareachoices,False,0
addressvalidationdatapostalcodetype,False,0
addressvalidationdatapostalcodematchers,False,0
addressvalidationdatapostalcodeexamples,False,0
addressvalidationdatapostalcodeprefix,False,0
choicevalueraw,False,0
choicevalueverbose,False,0
usercountableconnectionpageinfo,True,30
usercountableconnectionedges,True,30
usercountableconnectiontotalcount,False,0
usercountableedgenode,True,30
usercountableedgecursor,True,3
groupcountableconnectionpageinfo,True,2
groupcountableconnectionedges,True,2
groupcountableconnectiontotalcount,False,0
groupcountableedgenode,True,2
groupcountableedgecursor,False,0
serviceaccountcountableconnectionpageinfo,False,0
serviceaccountcountableconnectionedges,False,0
serviceaccountcountableconnectiontotalcount,False,0
serviceaccountcountableedgenode,False,0
serviceaccountcountableedgecursor,False,0
mutationwebhookcreate,False,0
mutationwebhookdelete,False,0
mutationwebhookupdate,False,0
mutationcreatewarehouse,False,0
mutationupdatewarehouse,False,0
mutationdeletewarehouse,False,0
mutationassignwarehouseshippingzone,False,0
mutationunassignwarehouseshippingzone,False,0
mutationauthorizationkeyadd,False,0
mutationauthorizationkeydelete,False,0
mutationstaffnotificationrecipientcreate,False,0
mutationstaffnotificationrecipientupdate,False,0
mutationstaffnotificationrecipientdelete,False,0
mutationhomepagecollectionupdate,False,0
mutationshopdomainupdate,False,0
mutationshopsettingsupdate,False,0
mutationshopfetchtaxrates,False,0
mutationshopsettingstranslate,False,0
mutationshopaddressupdate,False,0
mutationshippingpricecreate,False,0
mutationshippingpricedelete,False,0
mutationshippingpricebulkdelete,False,0
mutationshippingpriceupdate,False,0
mutationshippingpricetranslate,False,0
mutationshippingzonecreate,False,0
mutationshippingzonedelete,False,0
mutationshippingzonebulkdelete,False,0
mutationshippingzoneupdate,False,0
mutationattributecreate,False,0
mutationattributedelete,False,0
mutationattributebulkdelete,False,0
mutationattributeassign,False,0
mutationattributeunassign,False,0
mutationattributeupdate,False,0
mutationattributetranslate,False,0
mutationattributevaluecreate,False,0
mutationattributevaluedelete,False,0
mutationattributevaluebulkdelete,False,0
mutationattributevalueupdate,False,0
mutationattributevaluetranslate,False,0
mutationattributereordervalues,False,0
mutationcategorycreate,False,0
mutationcategorydelete,False,0
mutationcategorybulkdelete,False,0
mutationcategoryupdate,False,0
mutationcategorytranslate,False,0
mutationcollectionaddproducts,False,0
mutationcollectioncreate,False,0
mutationcollectiondelete,False,0
mutationcollectionreorderproducts,False,0
mutationcollectionbulkdelete,False,0
mutationcollectionbulkpublish,False,0
mutationcollectionremoveproducts,False,0
mutationcollectionupdate,False,0
mutationcollectiontranslate,False,0
mutationproductcreate,False,0
mutationproductdelete,False,0
mutationproductbulkdelete,False,0
mutationproductbulkpublish,False,0
mutationproductupdate,False,0
mutationproducttranslate,False,0
mutationproductsetavailabilityforpurchase,False,0
mutationproductimagecreate,False,0
mutationproductvariantreorder,False,0
mutationproductimagedelete,False,0
mutationproductimagebulkdelete,False,0
mutationproductimagereorder,False,0
mutationproductimageupdate,False,0
mutationproducttypecreate,False,0
mutationproducttypedelete,False,0
mutationproducttypebulkdelete,False,0
mutationproducttypeupdate,False,0
mutationproducttypereorderattributes,False,0
mutationdigitalcontentcreate,False,0
mutationdigitalcontentdelete,False,0
mutationdigitalcontentupdate,False,0
mutationdigitalcontenturlcreate,False,0
mutationproductvariantcreate,False,0
mutationproductvariantdelete,False,0
mutationproductvariantbulkcreate,False,0
mutationproductvariantbulkdelete,False,0
mutationproductvariantstockscreate,False,0
mutationproductvariantstocksdelete,False,0
mutationproductvariantstocksupdate,False,0
mutationproductvariantupdate,False,0
mutationproductvariantsetdefault,False,0
mutationproductvarianttranslate,False,0
mutationvariantimageassign,False,0
mutationvariantimageunassign,False,0
mutationpaymentcapture,False,0
mutationpaymentrefund,False,0
mutationpaymentvoid,False,0
mutationpagecreate,False,0
mutationpagedelete,False,0
mutationpagebulkdelete,False,0
mutationpagebulkpublish,False,0
mutationpageupdate,False,0
mutationpagetranslate,False,0
mutationdraftordercomplete,False,0
mutationdraftordercreate,False,0
mutationdraftorderdelete,False,0
mutationdraftorderbulkdelete,False,0
mutationdraftorderlinesbulkdelete,False,0
mutationdraftorderlinescreate,False,0
mutationdraftorderlinedelete,False,0
mutationdraftorderlineupdate,False,0
mutationdraftorderupdate,False,0
mutationorderaddnote,False,0
mutationordercancel,False,0
mutationordercapture,False,0
mutationorderfulfill,False,0
mutationorderfulfillmentcancel,False,0
mutationorderfulfillmentupdatetracking,False,0
mutationordermarkaspaid,False,0
mutationorderrefund,False,0
mutationorderupdate,False,0
mutationorderupdateshipping,False,0
mutationordervoid,False,0
mutationorderbulkcancel,False,0
mutationdeletemetadata,False,0
mutationdeleteprivatemetadata,False,0
mutationupdatemetadata,False,0
mutationupdateprivatemetadata,False,0
mutationassignnavigation,False,0
mutationmenucreate,False,0
mutationmenudelete,False,0
mutationmenubulkdelete,False,0
mutationmenuupdate,False,0
mutationmenuitemcreate,False,0
mutationmenuitemdelete,False,0
mutationmenuitembulkdelete,False,0
mutationmenuitemupdate,False,0
mutationmenuitemtranslate,False,0
mutationmenuitemmove,False,0
mutationinvoicerequest,False,0
mutationinvoicerequestdelete,False,0
mutationinvoicecreate,False,0
mutationinvoicedelete,False,0
mutationinvoiceupdate,False,0
mutationinvoicesendemail,False,0
mutationgiftcardactivate,False,0
mutationgiftcardcreate,False,0
mutationgiftcarddeactivate,False,0
mutationgiftcardupdate,False,0
mutationpluginupdate,False,0
mutationsalecreate,False,0
mutationsaledelete,False,0
mutationsalebulkdelete,False,0
mutationsaleupdate,False,0
mutationsalecataloguesadd,False,0
mutationsalecataloguesremove,False,0
mutationsaletranslate,False,0
mutationvouchercreate,False,0
mutationvoucherdelete,False,0
mutationvoucherbulkdelete,False,0
mutationvoucherupdate,False,0
mutationvouchercataloguesadd,False,0
mutationvouchercataloguesremove,False,0
mutationvouchertranslate,False,0
mutationexportproducts,False,0
mutationcheckoutaddpromocode,False,0
mutationcheckoutbillingaddressupdate,False,0
mutationcheckoutcomplete,False,0
mutationcheckoutcreate,False,0
mutationcheckoutcustomerattach,False,0
mutationcheckoutcustomerdetach,False,0
mutationcheckoutemailupdate,False,0
mutationcheckoutlinedelete,False,0
mutationcheckoutlinesadd,False,0
mutationcheckoutlinesupdate,False,0
mutationcheckoutremovepromocode,False,0
mutationcheckoutpaymentcreate,False,0
mutationcheckoutshippingaddressupdate,False,0
mutationcheckoutshippingmethodupdate,False,0
mutationappcreate,False,0
mutationappupdate,False,0
mutationappdelete,False,0
mutationapptokencreate,False,0
mutationapptokendelete,False,0
mutationapptokenverify,False,0
mutationappinstall,False,0
mutationappretryinstall,False,0
mutationappdeletefailedinstallation,False,0
mutationappfetchmanifest,False,0
mutationappactivate,False,0
mutationappdeactivate,False,0
mutationtokencreate,False,0
mutationtokenrefresh,False,0
mutationtokenverify,False,0
mutationtokensdeactivateall,False,0
mutationrequestpasswordreset,False,0
mutationconfirmaccount,False,0
mutationsetpassword,False,0
mutationpasswordchange,False,0
mutationrequestemailchange,False,0
mutationconfirmemailchange,False,0
mutationaccountaddresscreate,False,0
mutationaccountaddressupdate,False,0
mutationaccountaddressdelete,False,0
mutationaccountsetdefaultaddress,False,0
mutationaccountregister,False,0
mutationaccountupdate,False,0
mutationaccountrequestdeletion,False,0
mutationaccountdelete,False,0
mutationaddresscreate,False,0
mutationaddressupdate,False,0
mutationaddressdelete,False,0
mutationaddresssetdefault,False,0
mutationcustomercreate,False,0
mutationcustomerupdate,False,0
mutationcustomerdelete,False,0
mutationcustomerbulkdelete,False,0
mutationstaffcreate,False,0
mutationstaffupdate,False,0
mutationstaffdelete,False,0
mutationstaffbulkdelete,False,0
mutationuseravatarupdate,False,0
mutationuseravatardelete,False,0
mutationuserbulksetactive,False,0
mutationpermissiongroupcreate,False,0
mutationpermissiongroupupdate,False,0
mutationpermissiongroupdelete,False,0
webhookcreatewebhookerrors,False,0
webhookcreatewebhook,False,0
errorfield,False,0
errormessage,False,0
webhookerrorfield,True,4
webhookerrormessage,False,0
webhookerrorcode,True,4
webhookdeletewebhookerrors,False,0
webhookdeletewebhook,False,0
webhookupdatewebhookerrors,False,0
webhookupdatewebhook,False,0
warehousecreatewarehouseerrors,False,0
warehousecreatewarehouse,False,0
warehouseerrorfield,True,13
warehouseerrormessage,False,0
warehouseerrorcode,True,13
warehouseupdatewarehouseerrors,False,0
warehouseupdatewarehouse,False,0
warehousedeletewarehouseerrors,False,0
warehousedeletewarehouse,False,0
warehouseshippingzoneassignwarehouseerrors,False,0
warehouseshippingzoneassignwarehouse,False,0
warehouseshippingzoneunassignwarehouseerrors,False,0
warehouseshippingzoneunassignwarehouse,False,0
authorizationkeyaddauthorizationkey,False,0
authorizationkeyaddshop,False,0
authorizationkeyaddshoperrors,False,0
shoperrorfield,True,4
shoperrormessage,False,0
shoperrorcode,True,4
authorizationkeydeleteauthorizationkey,False,0
authorizationkeydeleteshop,False,0
authorizationkeydeleteshoperrors,False,0
staffnotificationrecipientcreateshoperrors,False,0
staffnotificationrecipientcreatestaffnotificationrecipient,False,0
staffnotificationrecipientupdateshoperrors,False,0
staffnotificationrecipientupdatestaffnotificationrecipient,False,0
staffnotificationrecipientdeleteshoperrors,False,0
staffnotificationrecipientdeletestaffnotificationrecipient,False,0
homepagecollectionupdateshop,False,0
homepagecollectionupdateshoperrors,False,0
shopdomainupdateshop,False,0
shopdomainupdateshoperrors,False,0
shopsettingsupdateshop,False,0
shopsettingsupdateshoperrors,False,0
shopfetchtaxratesshop,False,0
shopfetchtaxratesshoperrors,False,0
shopsettingstranslateshop,False,0
shopsettingstranslatetranslationerrors,False,0
translationerrorfield,False,0
translationerrormessage,False,0
translationerrorcode,False,0
shopaddressupdateshop,False,0
shopaddressupdateshoperrors,False,0
shippingpricecreateshippingzone,False,0
shippingpricecreateshippingerrors,False,0
shippingpricecreateshippingmethod,False,0
shippingerrorfield,True,9
shippingerrormessage,False,0
shippingerrorcode,True,9
shippingerrorwarehouses,False,0
shippingpricedeleteshippingmethod,False,0
shippingpricedeleteshippingzone,False,0
shippingpricedeleteshippingerrors,False,0
shippingpricebulkdeletecount,False,0
shippingpricebulkdeleteshippingerrors,False,0
shippingpriceupdateshippingzone,False,0
shippingpriceupdateshippingerrors,False,0
shippingpriceupdateshippingmethod,False,0
shippingpricetranslatetranslationerrors,False,0
shippingpricetranslateshippingmethod,False,0
shippingzonecreateshippingerrors,False,0
shippingzonecreateshippingzone,False,0
shippingzonedeleteshippingerrors,False,0
shippingzonedeleteshippingzone,False,0
shippingzonebulkdeletecount,False,0
shippingzonebulkdeleteshippingerrors,False,0
shippingzoneupdateshippingerrors,False,0
shippingzoneupdateshippingzone,False,0
attributecreateattribute,False,0
attributecreateproducterrors,False,0
producterrorfield,True,6
producterrormessage,False,0
producterrorcode,True,6
producterrorattributes,True,2
attributedeleteproducterrors,False,0
attributedeleteattribute,False,0
attributebulkdeletecount,False,0
attributebulkdeleteproducterrors,False,0
attributeassignproducttype,False,0
attributeassignproducterrors,False,0
attributeunassignproducttype,False,0
attributeunassignproducterrors,False,0
attributeupdateattribute,False,0
attributeupdateproducterrors,False,0
attributetranslatetranslationerrors,False,0
attributetranslateattribute,False,0
attributeupdatemetaproducterrors,False,0
attributeupdatemetaattribute,False,0
attributeclearmetaproducterrors,False,0
attributeclearmetaattribute,False,0
attributeupdateprivatemetaproducterrors,False,0
attributeupdateprivatemetaattribute,False,0
attributeclearprivatemetaproducterrors,False,0
attributeclearprivatemetaattribute,False,0
attributevaluecreateattribute,False,0
attributevaluecreateproducterrors,False,0
attributevaluecreateattributevalue,False,0
attributevaluedeleteattribute,False,0
attributevaluedeleteproducterrors,False,0
attributevaluedeleteattributevalue,False,0
attributevaluebulkdeletecount,False,0
attributevaluebulkdeleteproducterrors,False,0
attributevalueupdateattribute,False,0
attributevalueupdateproducterrors,False,0
attributevalueupdateattributevalue,False,0
attributevaluetranslatetranslationerrors,False,0
attributevaluetranslateattributevalue,False,0
attributereordervaluesattribute,False,0
attributereordervaluesproducterrors,False,0
categorycreateproducterrors,False,0
categorycreatecategory,False,0
categorydeleteproducterrors,False,0
categorydeletecategory,False,0
categorybulkdeletecount,False,0
categorybulkdeleteproducterrors,False,0
categoryupdateproducterrors,False,0
categoryupdatecategory,False,0
categorytranslatetranslationerrors,False,0
categorytranslatecategory,False,0
categoryupdatemetaproducterrors,False,0
categoryupdatemetacategory,False,0
categoryclearmetaproducterrors,False,0
categoryclearmetacategory,False,0
categoryupdateprivatemetaproducterrors,False,0
categoryupdateprivatemetacategory,False,0
categoryclearprivatemetaproducterrors,False,0
categoryclearprivatemetacategory,False,0
collectionaddproductscollection,False,0
collectionaddproductsproducterrors,False,0
collectioncreateproducterrors,False,0
collectioncreatecollection,False,0
collectiondeleteproducterrors,False,0
collectiondeletecollection,False,0
collectionreorderproductscollection,False,0
collectionreorderproductsproducterrors,False,0
collectionbulkdeletecount,False,0
collectionbulkdeleteproducterrors,False,0
collectionbulkpublishcount,False,0
collectionbulkpublishproducterrors,False,0
collectionremoveproductscollection,False,0
collectionremoveproductsproducterrors,False,0
collectionupdateproducterrors,False,0
collectionupdatecollection,False,0
collectiontranslatetranslationerrors,False,0
collectiontranslatecollection,False,0
collectionupdatemetaproducterrors,False,0
collectionupdatemetacollection,False,0
collectionclearmetaproducterrors,False,0
collectionclearmetacollection,False,0
collectionupdateprivatemetaproducterrors,False,0
collectionupdateprivatemetacollection,False,0
collectionclearprivatemetaproducterrors,False,0
collectionclearprivatemetacollection,False,0
productcreateproducterrors,False,0
productcreateproduct,False,0
productdeleteproducterrors,False,0
productdeleteproduct,False,0
productbulkdeletecount,False,0
productbulkdeleteproducterrors,False,0
productbulkpublishcount,False,0
productbulkpublishproducterrors,False,0
productupdateproducterrors,False,0
productupdateproduct,False,0
producttranslatetranslationerrors,False,0
producttranslateproduct,False,0
productupdatemetaproducterrors,False,0
productupdatemetaproduct,False,0
productclearmetaproducterrors,False,0
productclearmetaproduct,False,0
productupdateprivatemetaproducterrors,False,0
productupdateprivatemetaproduct,False,0
productclearprivatemetaproducterrors,False,0
productclearprivatemetaproduct,False,0
productsetavailabilityforpurchaseproduct,False,0
productsetavailabilityforpurchaseproducterrors,False,0
productimagecreateproduct,False,0
productimagecreateimage,False,0
productimagecreateproducterrors,False,0
productvariantreorderproduct,False,0
productvariantreorderproducterrors,False,0
productimagedeleteproduct,False,0
productimagedeleteimage,False,0
productimagedeleteproducterrors,False,0
productimagebulkdeletecount,False,0
productimagebulkdeleteproducterrors,False,0
productimagereorderproduct,False,0
productimagereorderimages,False,0
productimagereorderproducterrors,False,0
productimageupdateproduct,False,0
productimageupdateimage,False,0
productimageupdateproducterrors,False,0
producttypecreateproducterrors,False,0
producttypecreateproducttype,False,0
producttypedeleteproducterrors,False,0
producttypedeleteproducttype,False,0
producttypebulkdeletecount,False,0
producttypebulkdeleteproducterrors,False,0
producttypeupdateproducterrors,False,0
producttypeupdateproducttype,False,0
producttypereorderattributesproducttype,False,0
producttypereorderattributesproducterrors,False,0
producttypeupdatemetaproducterrors,False,0
producttypeupdatemetaproducttype,False,0
producttypeclearmetaproducterrors,False,0
producttypeclearmetaproducttype,False,0
producttypeupdateprivatemetaproducterrors,False,0
producttypeupdateprivatemetaproducttype,False,0
producttypeclearprivatemetaproducterrors,False,0
producttypeclearprivatemetaproducttype,False,0
digitalcontentcreatevariant,False,0
digitalcontentcreatecontent,False,0
digitalcontentcreateproducterrors,False,0
digitalcontentdeletevariant,False,0
digitalcontentdeleteproducterrors,False,0
digitalcontentupdatevariant,False,0
digitalcontentupdatecontent,False,0
digitalcontentupdateproducterrors,False,0
digitalcontenturlcreateproducterrors,False,0
digitalcontenturlcreatedigitalcontenturl,False,0
productvariantcreateproducterrors,False,0
productvariantcreateproductvariant,False,0
productvariantdeleteproducterrors,False,0
productvariantdeleteproductvariant,False,0
productvariantbulkcreatecount,False,0
productvariantbulkcreateproductvariants,False,0
productvariantbulkcreatebulkproducterrors,False,0
bulkproducterrorfield,False,0
bulkproducterrormessage,False,0
bulkproducterrorcode,False,0
bulkproducterrorattributes,False,0
bulkproducterrorindex,False,0
bulkproducterrorwarehouses,False,0
productvariantbulkdeletecount,False,0
productvariantbulkdeleteproducterrors,False,0
productvariantstockscreateproductvariant,False,0
productvariantstockscreatebulkstockerrors,False,0
bulkstockerrorfield,True,2
bulkstockerrormessage,False,0
bulkstockerrorcode,True,2
bulkstockerrorattributes,False,0
bulkstockerrorindex,True,2
productvariantstocksdeleteproductvariant,False,0
productvariantstocksdeletestockerrors,False,0
stockerrorfield,False,0
stockerrormessage,False,0
stockerrorcode,False,0
productvariantstocksupdateproductvariant,False,0
productvariantstocksupdatebulkstockerrors,False,0
productvariantupdateproducterrors,False,0
productvariantupdateproductvariant,False,0
productvariantsetdefaultproduct,False,0
productvariantsetdefaultproducterrors,False,0
productvarianttranslatetranslationerrors,False,0
productvarianttranslateproductvariant,False,0
productvariantupdatemetaproducterrors,False,0
productvariantupdatemetaproductvariant,False,0
productvariantclearmetaproducterrors,False,0
productvariantclearmetaproductvariant,False,0
productvariantupdateprivatemetaproducterrors,False,0
productvariantupdateprivatemetaproductvariant,False,0
productvariantclearprivatemetaproducterrors,False,0
productvariantclearprivatemetaproductvariant,False,0
variantimageassignproductvariant,False,0
variantimageassignimage,False,0
variantimageassignproducterrors,False,0
variantimageunassignproductvariant,False,0
variantimageunassignimage,False,0
variantimageunassignproducterrors,False,0
paymentcapturepayment,False,0
paymentcapturepaymenterrors,False,0
paymenterrorfield,True,11
paymenterrormessage,True,11
paymenterrorcode,True,11
paymentrefundpayment,False,0
paymentrefundpaymenterrors,False,0
paymentvoidpayment,False,0
paymentvoidpaymenterrors,False,0
pagecreatepageerrors,False,0
pagecreatepage,False,0
pageerrorfield,False,0
pageerrormessage,False,0
pageerrorcode,False,0
pagedeletepageerrors,False,0
pagedeletepage,False,0
pagebulkdeletecount,False,0
pagebulkdeletepageerrors,False,0
pagebulkpublishcount,False,0
pagebulkpublishpageerrors,False,0
pageupdatepageerrors,False,0
pageupdatepage,False,0
pagetranslatetranslationerrors,False,0
pagetranslatepage,False,0
draftordercompleteorder,False,0
draftordercompleteordererrors,False,0
ordererrorfield,True,41
ordererrormessage,False,0
ordererrorcode,True,41
ordererrorwarehouse,False,0
ordererrororderline,False,0
draftordercreateordererrors,False,0
draftordercreateorder,False,0
draftorderdeleteordererrors,False,0
draftorderdeleteorder,False,0
draftorderbulkdeletecount,False,0
draftorderbulkdeleteordererrors,False,0
draftorderlinesbulkdeletecount,False,0
draftorderlinesbulkdeleteordererrors,False,0
draftorderlinescreateorder,False,0
draftorderlinescreateorderlines,False,0
draftorderlinescreateordererrors,False,0
draftorderlinedeleteorder,False,0
draftorderlinedeleteorderline,False,0
draftorderlinedeleteordererrors,False,0
draftorderlineupdateorder,False,0
draftorderlineupdateordererrors,False,0
draftorderlineupdateorderline,False,0
draftorderupdateordererrors,False,0
draftorderupdateorder,False,0
orderaddnoteorder,False,0
orderaddnoteevent,False,0
orderaddnoteordererrors,False,0
ordercancelorder,False,0
ordercancelordererrors,False,0
ordercaptureorder,False,0
ordercaptureordererrors,False,0
orderclearprivatemetaorder,False,0
orderclearmetaorder,False,0
orderfulfillfulfillments,False,0
orderfulfillorder,False,0
orderfulfillordererrors,False,0
fulfillmentcancelfulfillment,False,0
fulfillmentcancelorder,False,0
fulfillmentcancelordererrors,False,0
fulfillmentupdatetrackingfulfillment,False,0
fulfillmentupdatetrackingorder,False,0
fulfillmentupdatetrackingordererrors,False,0
fulfillmentclearmetafulfillment,False,0
fulfillmentclearprivatemetafulfillment,False,0
fulfillmentupdatemetafulfillment,False,0
fulfillmentupdateprivatemetafulfillment,False,0
ordermarkaspaidorder,False,0
ordermarkaspaidordererrors,False,0
orderrefundorder,False,0
orderrefundordererrors,False,0
orderupdateordererrors,False,0
orderupdateorder,False,0
orderupdatemetaorder,False,0
orderupdateprivatemetaorder,False,0
orderupdateshippingorder,False,0
orderupdateshippingordererrors,False,0
ordervoidorder,False,0
ordervoidordererrors,False,0
orderbulkcancelcount,False,0
orderbulkcancelordererrors,False,0
deletemetadatametadataerrors,False,0
deletemetadataitem,False,0
metadataerrorfield,True,14
metadataerrormessage,False,0
metadataerrorcode,True,14
deleteprivatemetadatametadataerrors,False,0
deleteprivatemetadataitem,False,0
updatemetadatametadataerrors,False,0
updatemetadataitem,False,0
updateprivatemetadatametadataerrors,False,0
updateprivatemetadataitem,False,0
assignnavigationmenu,False,0
assignnavigationmenuerrors,False,0
menuerrorfield,True,17
menuerrormessage,False,0
menuerrorcode,True,17
menucreatemenuerrors,False,0
menucreatemenu,False,0
menudeletemenuerrors,False,0
menudeletemenu,False,0
menubulkdeletecount,False,0
menubulkdeletemenuerrors,False,0
menuupdatemenuerrors,False,0
menuupdatemenu,False,0
menuitemcreatemenuerrors,False,0
menuitemcreatemenuitem,False,0
menuitemdeletemenuerrors,False,0
menuitemdeletemenuitem,False,0
menuitembulkdeletecount,False,0
menuitembulkdeletemenuerrors,False,0
menuitemupdatemenuerrors,False,0
menuitemupdatemenuitem,False,0
menuitemtranslatetranslationerrors,False,0
menuitemtranslatemenuitem,False,0
menuitemmovemenu,False,0
menuitemmovemenuerrors,False,0
invoicerequestorder,False,0
invoicerequestinvoiceerrors,False,0
invoicerequestinvoice,False,0
invoiceerrorfield,True,12
invoiceerrormessage,False,0
invoiceerrorcode,True,12
invoicerequestdeleteinvoiceerrors,False,0
invoicerequestdeleteinvoice,False,0
invoicecreateinvoiceerrors,False,0
invoicecreateinvoice,False,0
invoicedeleteinvoiceerrors,False,0
invoicedeleteinvoice,False,0
invoiceupdateinvoiceerrors,False,0
invoiceupdateinvoice,False,0
invoicesendemailinvoiceerrors,False,0
invoicesendemailinvoice,False,0
giftcardactivategiftcard,False,0
giftcardactivategiftcarderrors,False,0
giftcarderrorfield,False,0
giftcarderrormessage,False,0
giftcarderrorcode,False,0
giftcardcreategiftcarderrors,False,0
giftcardcreategiftcard,False,0
giftcarddeactivategiftcard,False,0
giftcarddeactivategiftcarderrors,False,0
giftcardupdategiftcarderrors,False,0
giftcardupdategiftcard,False,0
pluginupdateplugin,False,0
pluginupdatepluginserrors,False,0
pluginerrorfield,True,2
pluginerrormessage,False,0
pluginerrorcode,True,2
salecreatediscounterrors,False,0
salecreatesale,False,0
discounterrorfield,True,14
discounterrormessage,False,0
discounterrorcode,True,14
saledeletediscounterrors,False,0
saledeletesale,False,0
salebulkdeletecount,False,0
salebulkdeletediscounterrors,False,0
saleupdatediscounterrors,False,0
saleupdatesale,False,0
saleaddcataloguessale,False,0
saleaddcataloguesdiscounterrors,False,0
saleremovecataloguessale,False,0
saleremovecataloguesdiscounterrors,False,0
saletranslatetranslationerrors,False,0
saletranslatesale,False,0
vouchercreatediscounterrors,False,0
vouchercreatevoucher,False,0
voucherdeletediscounterrors,False,0
voucherdeletevoucher,False,0
voucherbulkdeletecount,False,0
voucherbulkdeletediscounterrors,False,0
voucherupdatediscounterrors,False,0
voucherupdatevoucher,False,0
voucheraddcataloguesvoucher,False,0
voucheraddcataloguesdiscounterrors,False,0
voucherremovecataloguesvoucher,False,0
voucherremovecataloguesdiscounterrors,False,0
vouchertranslatetranslationerrors,False,0
vouchertranslatevoucher,False,0
exportproductsexportfile,False,0
exportproductsexporterrors,False,0
exporterrorfield,True,3
exporterrormessage,False,0
exporterrorcode,True,3
checkoutaddpromocodecheckout,False,0
checkoutaddpromocodecheckouterrors,False,0
checkouterrorfield,True,72
checkouterrormessage,True,72
checkouterrorcode,True,72
checkouterrorvariants,False,0
checkoutbillingaddressupdatecheckout,False,0
checkoutbillingaddressupdatecheckouterrors,False,0
checkoutcompleteorder,False,0
checkoutcompleteconfirmationneeded,False,0
checkoutcompleteconfirmationdata,False,0
checkoutcompletecheckouterrors,False,0
checkoutcreatecreated,False,0
checkoutcreatecheckouterrors,False,0
checkoutcreatecheckout,False,0
checkoutcustomerattachcheckout,False,0
checkoutcustomerattachcheckouterrors,False,0
checkoutcustomerdetachcheckout,False,0
checkoutcustomerdetachcheckouterrors,False,0
checkoutemailupdatecheckout,False,0
checkoutemailupdatecheckouterrors,False,0
checkoutlinedeletecheckout,False,0
checkoutlinedeletecheckouterrors,False,0
checkoutlinesaddcheckout,False,0
checkoutlinesaddcheckouterrors,False,0
checkoutlinesupdatecheckout,False,0
checkoutlinesupdatecheckouterrors,False,0
checkoutremovepromocodecheckout,False,0
checkoutremovepromocodecheckouterrors,False,0
checkoutpaymentcreatecheckout,False,0
checkoutpaymentcreatepayment,False,0
checkoutpaymentcreatepaymenterrors,False,0
checkoutshippingaddressupdatecheckout,False,0
checkoutshippingaddressupdatecheckouterrors,False,0
checkoutshippingmethodupdatecheckout,False,0
checkoutshippingmethodupdatecheckouterrors,False,0
checkoutupdatemetacheckouterrors,False,0
checkoutupdatemetacheckout,False,0
checkoutclearmetacheckouterrors,False,0
checkoutclearmetacheckout,False,0
checkoutupdateprivatemetacheckouterrors,False,0
checkoutupdateprivatemetacheckout,False,0
checkoutclearprivatemetacheckouterrors,False,0
checkoutclearprivatemetacheckout,False,0
appcreateauthtoken,False,0
appcreateapperrors,False,0
appcreateapp,False,0
apperrorfield,True,5
apperrormessage,True,5
apperrorcode,True,5
apperrorpermissions,True,5
appupdateapperrors,False,0
appupdateapp,False,0
appdeleteapperrors,False,0
appdeleteapp,False,0
apptokencreateauthtoken,False,0
apptokencreateapperrors,False,0
apptokencreateapptoken,False,0
apptokendeleteapperrors,False,0
apptokendeleteapptoken,False,0
apptokenverifyvalid,False,0
apptokenverifyapperrors,False,0
appinstallapperrors,False,0
appinstallappinstallation,False,0
appretryinstallapperrors,False,0
appretryinstallappinstallation,False,0
appdeletefailedinstallationapperrors,False,0
appdeletefailedinstallationappinstallation,False,0
appfetchmanifestmanifest,False,0
appfetchmanifestapperrors,False,0
manifestidentifier,False,0
manifestversion,False,0
manifestname,False,0
manifestabout,False,0
manifestpermissions,False,0
manifestappurl,False,0
manifestconfigurationurl,False,0
manifesttokentargeturl,False,0
manifestdataprivacy,False,0
manifestdataprivacyurl,False,0
manifesthomepageurl,False,0
manifestsupporturl,False,0
appactivateapperrors,False,0
appactivateapp,False,0
appdeactivateapperrors,False,0
appdeactivateapp,False,0
createtokentoken,False,0
createtokenrefreshtoken,False,0
createtokencsrftoken,False,0
createtokenuser,False,0
createtokenaccounterrors,False,0
accounterrorfield,True,42
accounterrormessage,True,17
accounterrorcode,True,42
refreshtokentoken,False,0
refreshtokenuser,False,0
refreshtokenaccounterrors,False,0
verifytokenuser,False,0
verifytokenisvalid,False,0
verifytokenpayload,False,0
verifytokenaccounterrors,False,0
deactivateallusertokensaccounterrors,False,0
requestpasswordresetaccounterrors,False,0
confirmaccountuser,False,0
confirmaccountaccounterrors,False,0
setpasswordtoken,False,0
setpasswordrefreshtoken,False,0
setpasswordcsrftoken,False,0
setpassworduser,False,0
setpasswordaccounterrors,False,0
passwordchangeuser,False,0
passwordchangeaccounterrors,False,0
requestemailchangeuser,False,0
requestemailchangeaccounterrors,False,0
confirmemailchangeuser,False,0
confirmemailchangeaccounterrors,False,0
accountaddresscreateuser,False,0
accountaddresscreateaccounterrors,False,0
accountaddresscreateaddress,False,0
accountaddressupdateuser,False,0
accountaddressupdateaccounterrors,False,0
accountaddressupdateaddress,False,0
accountaddressdeleteuser,False,0
accountaddressdeleteaccounterrors,False,0
accountaddressdeleteaddress,False,0
accountsetdefaultaddressuser,False,0
accountsetdefaultaddressaccounterrors,False,0
accountregisterrequiresconfirmation,False,0
accountregisteraccounterrors,False,0
accountregisteruser,False,0
accountupdateaccounterrors,False,0
accountupdateuser,False,0
accountrequestdeletionaccounterrors,False,0
accountdeleteaccounterrors,False,0
accountdeleteuser,False,0
accountupdatemetaaccounterrors,False,0
accountupdatemetauser,False,0
addresscreateuser,False,0
addresscreateaccounterrors,False,0
addresscreateaddress,False,0
addressupdateuser,False,0
addressupdateaccounterrors,False,0
addressupdateaddress,False,0
addressdeleteuser,False,0
addressdeleteaccounterrors,False,0
addressdeleteaddress,False,0
addresssetdefaultuser,False,0
addresssetdefaultaccounterrors,False,0
customercreateaccounterrors,False,0
customercreateuser,False,0
customerupdateaccounterrors,False,0
customerupdateuser,False,0
customerdeleteaccounterrors,False,0
customerdeleteuser,False,0
customerbulkdeletecount,False,0
customerbulkdeleteaccounterrors,False,0
staffcreatestafferrors,False,0
staffcreateuser,False,0
stafferrorfield,True,5
stafferrormessage,False,0
stafferrorcode,True,5
stafferrorpermissions,False,0
stafferrorgroups,False,0
stafferrorusers,False,0
staffupdatestafferrors,False,0
staffupdateuser,False,0
staffdeletestafferrors,False,0
staffdeleteuser,False,0
staffbulkdeletecount,False,0
staffbulkdeletestafferrors,False,0
useravatarupdateuser,False,0
useravatarupdateaccounterrors,False,0
useravatardeleteuser,False,0
useravatardeleteaccounterrors,False,0
userbulksetactivecount,False,0
userbulksetactiveaccounterrors,False,0
userupdatemetaaccounterrors,False,0
userupdatemetauser,False,0
userclearmetaaccounterrors,False,0
userclearmetauser,False,0
userupdateprivatemetaaccounterrors,False,0
userupdateprivatemetauser,False,0
userclearprivatemetaaccounterrors,False,0
userclearprivatemetauser,False,0
serviceaccountcreateauthtoken,False,0
serviceaccountcreateaccounterrors,False,0
serviceaccountcreateserviceaccount,False,0
serviceaccountupdateaccounterrors,False,0
serviceaccountupdateserviceaccount,False,0
serviceaccountdeleteaccounterrors,False,0
serviceaccountdeleteserviceaccount,False,0
serviceaccountupdateprivatemetaaccounterrors,False,0
serviceaccountupdateprivatemetaserviceaccount,False,0
serviceaccountclearprivatemetaaccounterrors,False,0
serviceaccountclearprivatemetaserviceaccount,False,0
serviceaccounttokencreateauthtoken,False,0
serviceaccounttokencreateaccounterrors,False,0
serviceaccounttokencreateserviceaccounttoken,False,0
serviceaccounttokendeleteaccounterrors,False,0
serviceaccounttokendeleteserviceaccounttoken,False,0
permissiongroupcreatepermissiongrouperrors,False,0
permissiongroupcreategroup,False,0
permissiongrouperrorfield,True,8
permissiongrouperrormessage,False,0
permissiongrouperrorcode,True,8
permissiongrouperrorpermissions,False,0
permissiongrouperrorusers,False,0
permissiongroupupdatepermissiongrouperrors,False,0
permissiongroupupdategroup,False,0
permissiongroupdeletepermissiongrouperrors,False,0
permissiongroupdeletegroup,False,0
